,read_time,op_time,write_time,avg_cpu_usage,avg_memory_usage,peak_memory_usage
0,5.953934192657471,0.04567742347717285,92.66020774841309,92.212,3.307074661254883,3.6469345092773438
