,read_time,op_time,write_time,avg_cpu_usage,avg_memory_usage,peak_memory_usage
0,3.9720706939697266,0.05479550361633301,108.65958428382874,95.43859649122805,3.41354925590649,3.7234649658203125
