,read_time,op_time,write_time,avg_cpu_usage,avg_memory_usage,peak_memory_usage
0,5.462296485900879,0.0643315315246582,164.15551090240479,97.49058823529413,3.251747894287109,3.6219024658203125
