,read_time,op_time,write_time,avg_cpu_usage,avg_memory_usage,peak_memory_usage
0,5.418666362762451,0.1619572639465332,86.64803576469421,91.8255319148936,3.008060211830951,3.295948028564453
