,read_time,op_time,write_time,avg_cpu_usage,avg_memory_usage,peak_memory_usage
0,5.657984972000122,0.04619860649108887,82.45952010154724,91.00666666666665,2.9947335137261284,3.3861312866210938
