,read_time,write_time,avg_cpu_usage,avg_memory_usage,peak_memory_usage
0,48.9050977230072,63.01915192604065,94.05714285714289,1.9687324932643346,3.250591278076172
