,read_time,op_time,write_time,avg_cpu_usage,avg_memory_usage,peak_memory_usage
0,5.8527185916900635,0.05031704902648926,72.47460007667542,91.21500000000002,3.747870922088623,3.938182830810547
