,read_time,op_time,write_time,avg_cpu_usage,avg_memory_usage,peak_memory_usage
0,5.398820877075195,0.04919075965881348,85.79288983345032,93.75652173913043,3.033488895582116,3.3344764709472656
