,read_time,op_time,write_time,avg_cpu_usage,avg_memory_usage,peak_memory_usage
0,5.535021543502808,0.046378135681152344,68.06597828865051,92.1243243243243,3.890983169143264,4.1132354736328125
