,read_time,op_time,write_time,avg_cpu_usage,avg_memory_usage,peak_memory_usage
0,6.422406196594238,0.06016182899475098,104.11636161804199,94.36428571428573,4.049660273960659,4.3919219970703125
