,read_time,op_time,write_time,avg_cpu_usage,avg_memory_usage,peak_memory_usage
0,5.621277093887329,0.05463719367980957,66.8619077205658,91.53783783783784,3.6014884742530615,3.767475128173828
