,read_time,op_time,write_time,avg_cpu_usage,avg_memory_usage,peak_memory_usage
0,5.644684314727783,0.11377263069152832,127.70471167564392,98.06119402985078,4.552625001366459,4.8477325439453125
