,read_time,op_time,write_time,avg_cpu_usage,avg_memory_usage,peak_memory_usage
0,4.248922348022461,0.06766033172607422,106.5863447189331,96.10714285714285,4.170078277587891,4.520835876464844
