,read_time,op_time,write_time,avg_cpu_usage,avg_memory_usage,peak_memory_usage
0,3.966360092163086,0.09067606925964355,104.69877457618713,95.47999999999998,3.2930958140980113,3.6254043579101562
