,read_time,op_time,write_time,avg_cpu_usage,avg_memory_usage,peak_memory_usage
0,4.17832350730896,0.09176945686340332,145.130473613739,97.30133333333333,4.300404256184896,4.644100189208984
