,read_time,op_time,write_time,avg_cpu_usage,avg_memory_usage,peak_memory_usage
0,6.817306280136108,0.08334708213806152,114.88348984718323,97.65409836065574,4.4649760762199024,4.8585205078125
