,read_time,write_time,avg_cpu_usage,avg_memory_usage,peak_memory_usage
0,58.47289037704468,100.69574689865112,96.57500000000002,2.992198419570923,3.5012168884277344
