,read_time,op_time,write_time,avg_cpu_usage,avg_memory_usage,peak_memory_usage
0,3.9667410850524902,0.06689453125,104.60793471336365,95.37636363636365,4.357660189541903,4.690666198730469
