,read_time,op_time,write_time,avg_cpu_usage,avg_memory_usage,peak_memory_usage
0,5.37481164932251,0.07027816772460938,162.1277928352356,97.6595238095238,3.8974822816394625,4.231147766113281
