,read_time,op_time,write_time,avg_cpu_usage,avg_memory_usage,peak_memory_usage
0,5.43295955657959,0.06918811798095703,164.11715579032898,97.84117647058824,3.081081210865694,3.3353118896484375
