,read_time,op_time,write_time,avg_cpu_usage,avg_memory_usage,peak_memory_usage
0,5.463721990585327,0.07138895988464355,170.6975061893463,97.86363636363636,4.219497507268732,4.553741455078125
