,read_time,op_time,write_time,avg_cpu_usage,avg_memory_usage,peak_memory_usage
0,7.189305543899536,0.07230067253112793,192.69872331619263,98.68699999999998,4.336227188110351,4.700191497802734
