,read_time,write_time,avg_cpu_usage,avg_memory_usage,peak_memory_usage
0,55.99733066558838,168.28395438194275,97.70446428571427,2.6587416444505965,3.1950340270996094
