,read_time,op_time,write_time,avg_cpu_usage,avg_memory_usage,peak_memory_usage
0,8.08907699584961,0.14465069770812988,221.01751279830933,98.62347826086958,4.184956558890964,4.650585174560547
