,read_time,op_time,write_time,avg_cpu_usage,avg_memory_usage,peak_memory_usage
0,12.482276439666748,0.09894728660583496,224.02554774284363,98.75762711864407,3.9532755512302207,4.278564453125
