,read_time,op_time,write_time,avg_cpu_usage,avg_memory_usage,peak_memory_usage
0,5.8269202709198,0.1533188819885254,83.24742913246155,93.53999999999998,3.7266236199273,3.927654266357422
