,read_time,write_time,avg_cpu_usage,avg_memory_usage,peak_memory_usage
0,68.5796890258789,89.74338507652283,95.85249999999999,2.4844966888427735,2.782115936279297
