,read_time,op_time,write_time,avg_cpu_usage,avg_memory_usage,peak_memory_usage
0,10.496098041534424,0.5795638561248779,137.9443485736847,96.73733333333337,3.5866756693522137,3.8925018310546875
