,read_time,op_time,write_time,avg_cpu_usage,avg_memory_usage,peak_memory_usage
0,7.077266454696655,0.2881927490234375,96.13600492477417,94.01538461538462,4.1203316908616285,4.2866363525390625
