,read_time,op_time,write_time,avg_cpu_usage,avg_memory_usage,peak_memory_usage
0,5.342524290084839,0.1694202423095703,88.01066541671753,93.29787234042551,3.6713172425615026,3.9959487915039062
