,read_time,op_time,write_time,avg_cpu_usage,avg_memory_usage,peak_memory_usage
0,5.4426350593566895,0.13836169242858887,82.41912913322449,93.18636363636364,3.935999783602628,4.274082183837891
