,read_time,op_time,write_time,avg_cpu_usage,avg_memory_usage,peak_memory_usage
0,5.344336986541748,0.13530445098876953,74.52299165725708,93.16749999999999,2.9368361473083495,3.1151123046875
